[{"model": "auth.permission", "pk": 1, "fields": {"name": "Can add log entry", "content_type": 1, "codename": "add_logentry"}}, {"model": "auth.permission", "pk": 2, "fields": {"name": "Can change log entry", "content_type": 1, "codename": "change_logentry"}}, {"model": "auth.permission", "pk": 3, "fields": {"name": "Can delete log entry", "content_type": 1, "codename": "delete_logentry"}}, {"model": "auth.permission", "pk": 4, "fields": {"name": "Can view log entry", "content_type": 1, "codename": "view_logentry"}}, {"model": "auth.permission", "pk": 5, "fields": {"name": "Can add permission", "content_type": 2, "codename": "add_permission"}}, {"model": "auth.permission", "pk": 6, "fields": {"name": "Can change permission", "content_type": 2, "codename": "change_permission"}}, {"model": "auth.permission", "pk": 7, "fields": {"name": "Can delete permission", "content_type": 2, "codename": "delete_permission"}}, {"model": "auth.permission", "pk": 8, "fields": {"name": "Can view permission", "content_type": 2, "codename": "view_permission"}}, {"model": "auth.permission", "pk": 9, "fields": {"name": "Can add group", "content_type": 3, "codename": "add_group"}}, {"model": "auth.permission", "pk": 10, "fields": {"name": "Can change group", "content_type": 3, "codename": "change_group"}}, {"model": "auth.permission", "pk": 11, "fields": {"name": "Can delete group", "content_type": 3, "codename": "delete_group"}}, {"model": "auth.permission", "pk": 12, "fields": {"name": "Can view group", "content_type": 3, "codename": "view_group"}}, {"model": "auth.permission", "pk": 13, "fields": {"name": "Can add user", "content_type": 4, "codename": "add_user"}}, {"model": "auth.permission", "pk": 14, "fields": {"name": "Can change user", "content_type": 4, "codename": "change_user"}}, {"model": "auth.permission", "pk": 15, "fields": {"name": "Can delete user", "content_type": 4, "codename": "delete_user"}}, {"model": "auth.permission", "pk": 16, "fields": {"name": "Can view user", "content_type": 4, "codename": "view_user"}}, {"model": "auth.permission", "pk": 17, "fields": {"name": "Can add content type", "content_type": 5, "codename": "add_contenttype"}}, {"model": "auth.permission", "pk": 18, "fields": {"name": "Can change content type", "content_type": 5, "codename": "change_contenttype"}}, {"model": "auth.permission", "pk": 19, "fields": {"name": "Can delete content type", "content_type": 5, "codename": "delete_contenttype"}}, {"model": "auth.permission", "pk": 20, "fields": {"name": "Can view content type", "content_type": 5, "codename": "view_contenttype"}}, {"model": "auth.permission", "pk": 21, "fields": {"name": "Can add session", "content_type": 6, "codename": "add_session"}}, {"model": "auth.permission", "pk": 22, "fields": {"name": "Can change session", "content_type": 6, "codename": "change_session"}}, {"model": "auth.permission", "pk": 23, "fields": {"name": "Can delete session", "content_type": 6, "codename": "delete_session"}}, {"model": "auth.permission", "pk": 24, "fields": {"name": "Can view session", "content_type": 6, "codename": "view_session"}}, {"model": "auth.permission", "pk": 25, "fields": {"name": "Can add student profile", "content_type": 7, "codename": "add_studentprofile"}}, {"model": "auth.permission", "pk": 26, "fields": {"name": "Can change student profile", "content_type": 7, "codename": "change_studentprofile"}}, {"model": "auth.permission", "pk": 27, "fields": {"name": "Can delete student profile", "content_type": 7, "codename": "delete_studentprofile"}}, {"model": "auth.permission", "pk": 28, "fields": {"name": "Can view student profile", "content_type": 7, "codename": "view_studentprofile"}}, {"model": "auth.permission", "pk": 29, "fields": {"name": "Can add test case", "content_type": 8, "codename": "add_testcase"}}, {"model": "auth.permission", "pk": 30, "fields": {"name": "Can change test case", "content_type": 8, "codename": "change_testcase"}}, {"model": "auth.permission", "pk": 31, "fields": {"name": "Can delete test case", "content_type": 8, "codename": "delete_testcase"}}, {"model": "auth.permission", "pk": 32, "fields": {"name": "Can view test case", "content_type": 8, "codename": "view_testcase"}}, {"model": "auth.permission", "pk": 33, "fields": {"name": "Can add question", "content_type": 9, "codename": "add_question"}}, {"model": "auth.permission", "pk": 34, "fields": {"name": "Can change question", "content_type": 9, "codename": "change_question"}}, {"model": "auth.permission", "pk": 35, "fields": {"name": "Can delete question", "content_type": 9, "codename": "delete_question"}}, {"model": "auth.permission", "pk": 36, "fields": {"name": "Can view question", "content_type": 9, "codename": "view_question"}}, {"model": "auth.permission", "pk": 37, "fields": {"name": "Can add contest", "content_type": 10, "codename": "add_contest"}}, {"model": "auth.permission", "pk": 38, "fields": {"name": "Can change contest", "content_type": 10, "codename": "change_contest"}}, {"model": "auth.permission", "pk": 39, "fields": {"name": "Can delete contest", "content_type": 10, "codename": "delete_contest"}}, {"model": "auth.permission", "pk": 40, "fields": {"name": "Can view contest", "content_type": 10, "codename": "view_contest"}}, {"model": "auth.permission", "pk": 41, "fields": {"name": "Can add contest question", "content_type": 11, "codename": "add_contestquestion"}}, {"model": "auth.permission", "pk": 42, "fields": {"name": "Can change contest question", "content_type": 11, "codename": "change_contestquestion"}}, {"model": "auth.permission", "pk": 43, "fields": {"name": "Can delete contest question", "content_type": 11, "codename": "delete_contestquestion"}}, {"model": "auth.permission", "pk": 44, "fields": {"name": "Can view contest question", "content_type": 11, "codename": "view_contestquestion"}}, {"model": "auth.permission", "pk": 45, "fields": {"name": "Can add contest participation", "content_type": 12, "codename": "add_contestparticipation"}}, {"model": "auth.permission", "pk": 46, "fields": {"name": "Can change contest participation", "content_type": 12, "codename": "change_contestparticipation"}}, {"model": "auth.permission", "pk": 47, "fields": {"name": "Can delete contest participation", "content_type": 12, "codename": "delete_contestparticipation"}}, {"model": "auth.permission", "pk": 48, "fields": {"name": "Can view contest participation", "content_type": 12, "codename": "view_contestparticipation"}}, {"model": "auth.permission", "pk": 49, "fields": {"name": "Can add participation question", "content_type": 13, "codename": "add_participationquestion"}}, {"model": "auth.permission", "pk": 50, "fields": {"name": "Can change participation question", "content_type": 13, "codename": "change_participationquestion"}}, {"model": "auth.permission", "pk": 51, "fields": {"name": "Can delete participation question", "content_type": 13, "codename": "delete_participationquestion"}}, {"model": "auth.permission", "pk": 52, "fields": {"name": "Can view participation question", "content_type": 13, "codename": "view_participationquestion"}}, {"model": "auth.user", "pk": 6, "fields": {"password": "pbkdf2_sha256$1000000$KGpk2tpBBO9fhA2H6jeshK$jKvPJtVUDOQ8KaUOA8trWEOyI/PP11JaUeeNkb9YNhE=", "last_login": "2025-07-17T09:18:52.417Z", "is_superuser": true, "username": "shubham021x", "first_name": "", "last_name": "", "email": "shubhamgalande376@gmail.com", "is_staff": true, "is_active": true, "date_joined": "2025-07-15T06:55:01.620Z", "groups": [], "user_permissions": []}}, {"model": "auth.user", "pk": 7, "fields": {"password": "pbkdf2_sha256$1000000$frf3xitmI2q6T0lhJeyvol$tltv0XeIJrKVKMsIAqmcN84mCgaqV9g0MzF/XWXdaF0=", "last_login": "2025-07-17T09:06:02.162Z", "is_superuser": false, "username": "shubham123", "first_name": "Shubham Galande", "last_name": "", "email": "", "is_staff": false, "is_active": true, "date_joined": "2025-07-15T07:03:14.309Z", "groups": [], "user_permissions": []}}, {"model": "auth.user", "pk": 8, "fields": {"password": "pbkdf2_sha256$1000000$xqNVyyEJ9P22YY04czLyw6$/4g8sMoEJjCDj+QzQjoO73I2MMj/7AwpnWIC05bxZNY=", "last_login": "2025-07-17T09:19:22.485Z", "is_superuser": false, "username": "acc1", "first_name": "Shubham Galande", "last_name": "", "email": "", "is_staff": false, "is_active": true, "date_joined": "2025-07-16T09:07:09.845Z", "groups": [], "user_permissions": []}}, {"model": "auth.user", "pk": 9, "fields": {"password": "pbkdf2_sha256$1000000$HesmdaFbd4DyrZMzavUfTM$Xg7gOUYnZK81paIWks+etAMTcvKugYHoXEhhKd5STW0=", "last_login": "2025-07-17T07:07:16.042Z", "is_superuser": false, "username": "acc2", "first_name": "Shubham Galande", "last_name": "", "email": "", "is_staff": false, "is_active": true, "date_joined": "2025-07-16T09:07:33.958Z", "groups": [], "user_permissions": []}}, {"model": "contenttypes.contenttype", "pk": 1, "fields": {"app_label": "admin", "model": "logentry"}}, {"model": "contenttypes.contenttype", "pk": 2, "fields": {"app_label": "auth", "model": "permission"}}, {"model": "contenttypes.contenttype", "pk": 3, "fields": {"app_label": "auth", "model": "group"}}, {"model": "contenttypes.contenttype", "pk": 4, "fields": {"app_label": "auth", "model": "user"}}, {"model": "contenttypes.contenttype", "pk": 5, "fields": {"app_label": "contenttypes", "model": "contenttype"}}, {"model": "contenttypes.contenttype", "pk": 6, "fields": {"app_label": "sessions", "model": "session"}}, {"model": "contenttypes.contenttype", "pk": 7, "fields": {"app_label": "webapp", "model": "studentprofile"}}, {"model": "contenttypes.contenttype", "pk": 8, "fields": {"app_label": "webapp", "model": "testcase"}}, {"model": "contenttypes.contenttype", "pk": 9, "fields": {"app_label": "webapp", "model": "question"}}, {"model": "contenttypes.contenttype", "pk": 10, "fields": {"app_label": "webapp", "model": "contest"}}, {"model": "contenttypes.contenttype", "pk": 11, "fields": {"app_label": "webapp", "model": "contestquestion"}}, {"model": "contenttypes.contenttype", "pk": 12, "fields": {"app_label": "webapp", "model": "contestparticipation"}}, {"model": "contenttypes.contenttype", "pk": 13, "fields": {"app_label": "webapp", "model": "participationquestion"}}, {"model": "sessions.session", "pk": "b0jkoh6cccawddobs9m3gb07ojfvg1r8", "fields": {"session_data": ".eJxVjEsOwjAMBe-SNYrqfGjMkn3PUNmxSwsokfpZIe4OlbqA7ZuZ9zI9bevYb4vO_STmYsCcfjem_NCyA7lTuVWba1nnie2u2IMutquiz-vh_h2MtIzfOjCAYEwUCJNKHAKjT8MZAXMbE6t3TY7ZOQCGRlybVMljaIPnLJHM-wPXtTen:1ubDZ7:1ql_RuXSe9QVYk8Nkkl_f2QCTyreEVKthtcRxzEjodE", "expire_date": "2025-07-28T07:25:33.837Z"}}, {"model": "webapp.question", "pk": 10, "fields": {"name": "Two Sum", "link": "https://leetcode.com/problems/two-sum/description/", "level": "Easy"}}, {"model": "webapp.question", "pk": 11, "fields": {"name": "Find the Duplicate Number", "link": "https://leetcode.com/problems/find-the-duplicate-number/description/", "level": "Medium"}}, {"model": "webapp.question", "pk": 12, "fields": {"name": "Reverse Pairs", "link": "https://leetcode.com/problems/reverse-pairs/description/", "level": "Hard"}}, {"model": "webapp.question", "pk": 14, "fields": {"name": "Valid Parentheses", "link": "https://leetcode.com/problems/valid-parentheses/description/", "level": "Easy"}}, {"model": "webapp.question", "pk": 15, "fields": {"name": "Integer to Roman", "link": "https://leetcode.com/problems/integer-to-roman/description/", "level": "Medium"}}, {"model": "webapp.question", "pk": 16, "fields": {"name": "Word Wrap", "link": "https://www.geeksforgeeks.org/problems/word-wrap1646/1", "level": "Hard"}}, {"model": "webapp.question", "pk": 17, "fields": {"name": "Reverse Words in a String", "link": "https://leetcode.com/problems/reverse-words-in-a-string/description/", "level": "Medium"}}, {"model": "webapp.question", "pk": 18, "fields": {"name": "Palindrome Number", "link": "https://leetcode.com/problems/palindrome-number/description/", "level": "Easy"}}, {"model": "webapp.studentprofile", "pk": 4, "fields": {"user": 7, "roll_number": "0000", "branch": "CSE", "year": 1, "college_name": "Shri Ramdeobaba College of Engineenring and Management", "project_code": "p1", "leetcode_profile_url": "https://leetcode.com/u/shubham_3112", "leetcode_score": 3615, "leetcode_easy": 281, "leetcode_medium": 843, "leetcode_hard": 161, "linkedin_url": "https://www.linkedin.com/in/shubham-galande-1a8120229/", "github_url": "https://github.com/3112shubham", "codechef_url": "https://www.codechef.com/users/bot_shubham", "codeforces_url": "https://codeforces.com/profile/shubham021x", "gfg_url": "https://www.geeksforgeeks.org/user/shubhamgakoh8/", "cv_file": "cv_uploads/ShubhamGalande_IT25.pdf"}}, {"model": "webapp.studentprofile", "pk": 5, "fields": {"user": 8, "roll_number": "0000", "branch": "CSE", "year": 1, "college_name": "Shri Ramdeobaba College of Engineenring and Management", "project_code": "p1", "leetcode_profile_url": null, "leetcode_score": 0, "leetcode_easy": 0, "leetcode_medium": 0, "leetcode_hard": 0, "linkedin_url": null, "github_url": null, "codechef_url": null, "codeforces_url": null, "gfg_url": null, "cv_file": "cv_uploads/ShubhamGalande_IT2025.pdf"}}, {"model": "webapp.studentprofile", "pk": 6, "fields": {"user": 9, "roll_number": "0000", "branch": "CSE", "year": 1, "college_name": "Shri Ramdeobaba College of Engineenring and Management", "project_code": "p2", "leetcode_profile_url": "https://leetcode.com/u/shubham_3112", "leetcode_score": 3615, "leetcode_easy": 281, "leetcode_medium": 843, "leetcode_hard": 161, "linkedin_url": null, "github_url": null, "codechef_url": null, "codeforces_url": null, "gfg_url": null, "cv_file": "cv_uploads/ppt.pdf"}}, {"model": "webapp.contest", "pk": 23, "fields": {"title": "Array", "description": ""}}, {"model": "webapp.contest", "pk": 25, "fields": {"title": "String", "description": ""}}, {"model": "webapp.contest", "pk": 26, "fields": {"title": "Matrix", "description": ""}}, {"model": "webapp.contest", "pk": 27, "fields": {"title": "Maths", "description": ""}}, {"model": "webapp.contest", "pk": 28, "fields": {"title": "Sorting and Searching", "description": ""}}, {"model": "webapp.contest", "pk": 29, "fields": {"title": "Linked List", "description": ""}}, {"model": "webapp.contest", "pk": 30, "fields": {"title": "Stack and Queues", "description": ""}}, {"model": "webapp.contest", "pk": 31, "fields": {"title": "Tree", "description": ""}}, {"model": "webapp.contest", "pk": 32, "fields": {"title": "Graph", "description": ""}}, {"model": "webapp.contest", "pk": 33, "fields": {"title": "Trie", "description": ""}}, {"model": "webapp.contest", "pk": 34, "fields": {"title": "Heap (Priority Queue)", "description": ""}}, {"model": "webapp.contest", "pk": 35, "fields": {"title": "Dynamic Programming", "description": ""}}, {"model": "webapp.contest", "pk": 36, "fields": {"title": "Two Pointers and Sliding Window", "description": ""}}, {"model": "webapp.contest", "pk": 37, "fields": {"title": "Greedy", "description": ""}}, {"model": "webapp.contest", "pk": 38, "fields": {"title": "Backtracking", "description": ""}}, {"model": "webapp.contest", "pk": 39, "fields": {"title": "Segment Tree", "description": ""}}, {"model": "webapp.contestquestion", "pk": 58, "fields": {"contest": 23, "question": 10, "score": 10}}, {"model": "webapp.contestquestion", "pk": 59, "fields": {"contest": 23, "question": 11, "score": 20}}, {"model": "webapp.contestquestion", "pk": 60, "fields": {"contest": 23, "question": 12, "score": 30}}, {"model": "webapp.contestparticipation", "pk": 41, "fields": {"student": 5, "contest": 23, "total_score": 0.0}}, {"model": "webapp.contestparticipation", "pk": 42, "fields": {"student": 5, "contest": 25, "total_score": 0.0}}, {"model": "webapp.contestparticipation", "pk": 43, "fields": {"student": 5, "contest": 26, "total_score": 0.0}}, {"model": "webapp.contestparticipation", "pk": 44, "fields": {"student": 5, "contest": 27, "total_score": 0.0}}, {"model": "webapp.contestparticipation", "pk": 45, "fields": {"student": 5, "contest": 28, "total_score": 0.0}}, {"model": "webapp.contestparticipation", "pk": 46, "fields": {"student": 5, "contest": 29, "total_score": 0.0}}, {"model": "webapp.contestparticipation", "pk": 47, "fields": {"student": 5, "contest": 30, "total_score": 0.0}}, {"model": "webapp.contestparticipation", "pk": 48, "fields": {"student": 5, "contest": 31, "total_score": 0.0}}, {"model": "webapp.contestparticipation", "pk": 49, "fields": {"student": 5, "contest": 32, "total_score": 0.0}}, {"model": "webapp.contestparticipation", "pk": 50, "fields": {"student": 5, "contest": 33, "total_score": 0.0}}, {"model": "webapp.contestparticipation", "pk": 51, "fields": {"student": 5, "contest": 34, "total_score": 0.0}}, {"model": "webapp.contestparticipation", "pk": 52, "fields": {"student": 5, "contest": 35, "total_score": 0.0}}, {"model": "webapp.contestparticipation", "pk": 53, "fields": {"student": 5, "contest": 36, "total_score": 0.0}}, {"model": "webapp.contestparticipation", "pk": 54, "fields": {"student": 5, "contest": 37, "total_score": 0.0}}, {"model": "webapp.contestparticipation", "pk": 55, "fields": {"student": 5, "contest": 38, "total_score": 0.0}}, {"model": "webapp.contestparticipation", "pk": 56, "fields": {"student": 5, "contest": 39, "total_score": 0.0}}, {"model": "webapp.contestparticipation", "pk": 57, "fields": {"student": 4, "contest": 23, "total_score": 52.5}}, {"model": "webapp.contestparticipation", "pk": 58, "fields": {"student": 4, "contest": 25, "total_score": 0.0}}, {"model": "webapp.contestparticipation", "pk": 59, "fields": {"student": 4, "contest": 26, "total_score": 0.0}}, {"model": "webapp.contestparticipation", "pk": 60, "fields": {"student": 4, "contest": 27, "total_score": 0.0}}, {"model": "webapp.contestparticipation", "pk": 61, "fields": {"student": 4, "contest": 28, "total_score": 0.0}}, {"model": "webapp.contestparticipation", "pk": 62, "fields": {"student": 4, "contest": 29, "total_score": 0.0}}, {"model": "webapp.contestparticipation", "pk": 63, "fields": {"student": 4, "contest": 30, "total_score": 0.0}}, {"model": "webapp.contestparticipation", "pk": 64, "fields": {"student": 4, "contest": 31, "total_score": 0.0}}, {"model": "webapp.contestparticipation", "pk": 65, "fields": {"student": 4, "contest": 32, "total_score": 0.0}}, {"model": "webapp.contestparticipation", "pk": 66, "fields": {"student": 4, "contest": 33, "total_score": 0.0}}, {"model": "webapp.contestparticipation", "pk": 67, "fields": {"student": 4, "contest": 34, "total_score": 0.0}}, {"model": "webapp.contestparticipation", "pk": 68, "fields": {"student": 4, "contest": 35, "total_score": 0.0}}, {"model": "webapp.contestparticipation", "pk": 69, "fields": {"student": 4, "contest": 36, "total_score": 0.0}}, {"model": "webapp.contestparticipation", "pk": 70, "fields": {"student": 4, "contest": 37, "total_score": 0.0}}, {"model": "webapp.contestparticipation", "pk": 71, "fields": {"student": 4, "contest": 38, "total_score": 0.0}}, {"model": "webapp.contestparticipation", "pk": 72, "fields": {"student": 4, "contest": 39, "total_score": 0.0}}, {"model": "webapp.contestparticipation", "pk": 73, "fields": {"student": 6, "contest": 23, "total_score": 0.0}}, {"model": "webapp.contestparticipation", "pk": 74, "fields": {"student": 6, "contest": 25, "total_score": 0.0}}, {"model": "webapp.contestparticipation", "pk": 75, "fields": {"student": 6, "contest": 26, "total_score": 0.0}}, {"model": "webapp.contestparticipation", "pk": 76, "fields": {"student": 6, "contest": 27, "total_score": 0.0}}, {"model": "webapp.contestparticipation", "pk": 77, "fields": {"student": 6, "contest": 28, "total_score": 0.0}}, {"model": "webapp.contestparticipation", "pk": 78, "fields": {"student": 6, "contest": 29, "total_score": 0.0}}, {"model": "webapp.contestparticipation", "pk": 79, "fields": {"student": 6, "contest": 30, "total_score": 0.0}}, {"model": "webapp.contestparticipation", "pk": 80, "fields": {"student": 6, "contest": 31, "total_score": 0.0}}, {"model": "webapp.contestparticipation", "pk": 81, "fields": {"student": 6, "contest": 32, "total_score": 0.0}}, {"model": "webapp.contestparticipation", "pk": 82, "fields": {"student": 6, "contest": 33, "total_score": 0.0}}, {"model": "webapp.contestparticipation", "pk": 83, "fields": {"student": 6, "contest": 34, "total_score": 0.0}}, {"model": "webapp.contestparticipation", "pk": 84, "fields": {"student": 6, "contest": 35, "total_score": 0.0}}, {"model": "webapp.contestparticipation", "pk": 85, "fields": {"student": 6, "contest": 36, "total_score": 0.0}}, {"model": "webapp.contestparticipation", "pk": 86, "fields": {"student": 6, "contest": 37, "total_score": 0.0}}, {"model": "webapp.contestparticipation", "pk": 87, "fields": {"student": 6, "contest": 38, "total_score": 0.0}}, {"model": "webapp.contestparticipation", "pk": 88, "fields": {"student": 6, "contest": 39, "total_score": 0.0}}, {"model": "webapp.participationquestion", "pk": 41, "fields": {"participation": 57, "contest_question": 58, "passed_testcases": 3, "total_testcases": 3, "is_selected": true}}, {"model": "webapp.participationquestion", "pk": 42, "fields": {"participation": 57, "contest_question": 59, "passed_testcases": 1, "total_testcases": 1, "is_selected": true}}, {"model": "webapp.participationquestion", "pk": 43, "fields": {"participation": 57, "contest_question": 60, "passed_testcases": 3, "total_testcases": 4, "is_selected": true}}, {"model": "webapp.participationquestion", "pk": 44, "fields": {"participation": 73, "contest_question": 58, "passed_testcases": 0, "total_testcases": 0, "is_selected": false}}, {"model": "webapp.participationquestion", "pk": 45, "fields": {"participation": 73, "contest_question": 59, "passed_testcases": 0, "total_testcases": 0, "is_selected": false}}, {"model": "webapp.participationquestion", "pk": 46, "fields": {"participation": 73, "contest_question": 60, "passed_testcases": 0, "total_testcases": 0, "is_selected": false}}]